repeat,fold,test_auroc,test_auprc,test_acc,test_ppv,test_sensitivity,test_specificity,test_f1,test_sen_99spe,test_threshold_99spe,test_ppv_threshold_99spe,test_acc_99spe,test_f1_99spe,test_sen_98spe,test_threshold_98spe,test_ppv_threshold_98spe,test_acc_98spe,test_f1_98spe,test_sen_95spe,test_threshold_95spe,test_ppv_threshold_95spe,test_acc_95spe,test_f1_95spe
1,1,0.905223880597015,0.8426283824718197,0.8850574712643678,0.8571428571428571,0.6,0.9701492537313433,0.7058823529411765,0.55,0.604714,1.0,0.77,0.7096774193548387,0.55,0.604714,1.0,0.765,0.7096774193548387,0.6,0.46836153,0.8,0.753731343283582,0.6857142857142857
