repeat,fold,test_auroc,test_auprc,test_acc,test_ppv,test_sensitivity,test_specificity,test_f1,test_sen_99spe,test_threshold_99spe,test_ppv_threshold_99spe,test_acc_99spe,test_f1_99spe,test_sen_98spe,test_threshold_98spe,test_ppv_threshold_98spe,test_acc_98spe,test_f1_98spe,test_sen_95spe,test_threshold_95spe,test_ppv_threshold_95spe,test_acc_95spe,test_f1_95spe
1,1,0.905223880597015,0.8426283824718197,0.8850574712643678,0.8571428571428571,0.6,0.9701492537313433,0.7058823529411765,0.55,0.604714,1.0,0.77,0.7096774193548387,0.55,0.604714,1.0,0.765,0.7096774193548387,0.6,0.46836153,0.8,0.753731343283582,0.6857142857142857
1,2,0.9328358208955224,0.8295914238396513,0.8390804597701149,0.7142857142857143,0.5,0.9402985074626866,0.5882352941176471,0.35,0.80482554,1.0,0.6699999999999999,0.5185185185185185,0.35,0.80482554,1.0,0.665,0.5185185185185185,0.4,0.6217548,0.7272727272727273,0.6537313432835821,0.5161290322580645
