repeat,fold,test_auroc,test_auprc,test_acc,test_ppv,test_sensitivity,test_specificity,test_f1,test_sen_99spe,test_threshold_99spe,test_ppv_threshold_99spe,test_acc_99spe,test_f1_99spe,test_sen_98spe,test_threshold_98spe,test_ppv_threshold_98spe,test_acc_98spe,test_f1_98spe,test_sen_95spe,test_threshold_95spe,test_ppv_threshold_95spe,test_acc_95spe,test_f1_95spe
1,1,0.9308336366945759,0.9432497021960802,0.825503355704698,0.8589743589743589,0.8170731707317073,0.835820895522388,0.8375,0.4268292682926829,0.9357508,1.0,0.7084146341463414,0.5982905982905983,0.4268292682926829,0.9357508,1.0,0.7034146341463414,0.5982905982905983,0.5853658536585366,0.828309,0.96,0.7535038223516564,0.7272727272727273
